id,Title,"Affiliate Tags"
24,"Rust-Oleum Tub & Tile Paint",Paint|Shower
26,"Foldable Handwoven Storage Basket",Storage
28,"Fabric Shower Curtain Liner","Shower|Shower Curtains"
30,"Kicker 6 1/2"" Speakers",Stereos
32,"Shower Curtain with Tassels","Favorites|Shower|Shower Curtains"
34,"DVD, Bluetooth, MP3 Stereo System",Stereos
36,"Matte Black Exposed Shower Faucet",Faucets|Favorites|Shower
38,"Iron Mirror with Shelf",Favorites|Mirrors
40,"Matte Black Cabinet Door Hinges","Cabinets|Matte Black"
42,"Magnetic Cabinet Latches",Cabinets
44,"Matte Black Vessel Sink Faucet","Faucets|Favorites|Matte Black"
46,"12"" Vessel Sink",Favorites|Sinks
48,"Hexagon Tic Tac Tiles",Favorites|Tile
50,"Matte Black Kitchen Faucet",Faucets|Favorites
52,"Matte Black Drawer Pulls","Cabinets|Drawer Pulls|Favorites|Matte Black"
153,"Free Grove Sustainable Starter Set",Free
156,"Free Mrs.Meyer's Gift Set",Free
157,"Free Grove Laundry Set",Free
158,"Free Rooted Beauty Purifying Skincare Set",Free
159,"Free Baby Gift Set",Free
175,"24"" Black Kitchen Sink","Favorites|Matte Black|Sinks"
177,"18"" Black Round Mirror",Mirrors
179,"Faux Aloe Plant","Decor|Faux Plants|Favorites"
182,"Gray Woven Lumbar Throw Pillow","Bedding|Throw Pillows"
184,"White Quilt with Shams",Bedding
185,"Accordion Coat Rack","Coat/Towel Racks|Favorites"
186,"Toilet Paper Holder","Favorites|Matte Black"
191,"Geometric Aged Copper Deer Mount",Copper|Decor|Favorites
194,"Concrete Copper Geometric Plant Hanger","Copper|Decor|Faux Plants"
198,"FREE Mrs.Meyers & Grove Caddy Set",Free
200,"Black Metal Futon Frame","Futons|Matte Black"
202,"8"" Leather Futon Mattress",Futons|Mattress
766,"Matte Black Towel Racks","Coat/Towel Racks|Matte Black"
770,"Copper French Press",Copper|Favorites
771,"Hexagon Wall Planter/Storage","Decor|Favorites|Matte Black|Storage"
776,"Don't Worry Bee Happy T-Shirt | Black Text",T-Shirts
779,"Don't Worry Bee Happy T-Shirt | White Text",T-Shirts
783,"Social Distance Expert T-Shirt | White Text",T-Shirts
784,"Social Distance Expert T-Shirt | Black Text",T-Shirts
786,"Social Distance Expert T-Shirt | White Text",T-Shirts
787,"Social Distance Expert T-Shirt | Black Text",T-Shirts
825,"Triangle Towel Holder","Coat/Towel Racks|Matte Black"
826,"Faux Succulents","Decor|Faux Plants"
948,"Red Stag Poster","Poster|Wall Art"
952,"Succulent Poster","Poster|Wall Art"
953,"Poster Frame","Poster|Wall Art"
954,"Beddy's Love at First White Set","Bedding|Discount Code"
956,"Beddy's Natural Set","Bedding|Discount Code"
959,"Decal Remover Eraser Wheel",Tools
961,"Accordion Folding Door",Door
963,"Pixel Turkish Towel Set",Towels
965,"Sedona Double Sided Throw","Throw Blanket"
967,"Dometic Slow Close Ceramic Toilet",Toilet
970,"RV Sand Free Outdoor Mat","Discount Code|Rug"
972,"18"" Feather Throw Pillow Insert","Throw Pillows"
975,"Set of 4 - 18"" Modern, Boho Throw Pillow Covers","Throw Pillows"
982,"White Tea Kettle","Kitchen Items"
988,"Roll-up Sink Drying Rack","Kitchen Items"
989,"Silverware Drawer Organizer","Kitchen Items"
990,"Porcelain Utensil Holder","Kitchen Items"
991,"Silicone Kitchen Utensil Set","Kitchen Items"
1033,"Wooden Coat/Towel Hooks","Coat/Towel Racks"
1044,"Matte Black Plastic Bowls","Kitchen Items|Matte Black"
1045,"Matte Black Plastic Plates","Kitchen Items|Matte Black"
1046,"Military Wool Blanket",Bedding
1047,"Moscow Mule Mugs","Kitchen Items"
1048,"Matte Black Paper Towel Holder","Kitchen Items"
1049,"Black Shower Soap Holder",
1050,"White Storage Caddy",
1051,"Metal Enamel Storage Stool",Storage
1071,"Non-Slip Furniture Pads",
1087,"Over the Door Black Metal Mirror",Mirrors
1110,"Linear Aztec Black Rug",Rug
1112,"FlexiSpot Sit Stand Smart Workstation",
1119,"RV Hanging Portable Closet Storage","Discount Code|Storage"
1131,"Floating Storage Shelf",Storage
1133,"TrafficMaster Pacific Pine Flooring",Flooring
1164,"Pewter Green Paint Color",Paint
1168,"Broadway Paint Color",Paint
1169,"Frost Paint Color",Paint
1210,"Throw Pillow Covers","Discount Code|Throw Pillows"
1212,"RV Keyless Entry Lock","RV Parts"
1230,"Matte Black Shower Rod",Hardware
1232,"Black Clip Curtain Rings",Hardware
1428,"303 Ultimate UV Protection","RV Maintenance"
1430,"ProFlex Exterior RV Sealant","RV Maintenance"
1432,"RV Slideout & Window Track Care","RV Maintenance"
1436,"Interior Extreme Stretch Paintable Caulk","Paint|RV Maintenance"
1438,"Solera Slideout Awning","RV Parts"
1440,"RecPro RV Rubber Roof Kit","RV Maintenance"
1442,"Graco Magnum X5 Paint Sprayer",Paint
1464,"30"" Recessed Fireplace","Entertainment Center"
1465,"7350 Flooring Adhesive",Flooring
1467,"Barn Door Hardware","Entertainment Center"
1468,"Rocker On/Off Switches","Entertainment Center"
1469,"Wall Sconce","Entertainment Center|Matte Black"
1474,"iRV Bluetooth Stereo","Entertainment Center|Stereos"
1480,"Flood 610 Floetrol",Paint
1490,"RV Interior LED Bulbs Warm White","Lights|RV Parts"
1507,"ArtResin Epoxy",
1508,"Sliding Barn Door Hardware",Hardware
1509,"Faux Pampas Grass",Decor
1510,"36"" x 24"" Mirror",Decor|Mirrors
1511,"Set of 3 Bottle Vases",Decor
1519,"12"" Sliding Door Handle",Hardware
1520,"Sliding Door Lock",Hardware
1524,"Twin 66"" Wide Faux Leather Futon",Futons
1526,"Dicor EPDM Rubber Roof Cleaner Activator","Roof|RV Maintenance"
1529,"Dicor EPDM Rubber Roof Coating","Roof|RV Maintenance"
